{"path_lengths": [10061.572885017622, 10854.104538468288, 11022.648743490901, 0, 0, 12110.3468187181, 10695.264917760473, 8480.51168518306, 10315.459032697718, 0], "a2s_distances": [18037.359634281074, 20059.971128450128, 12585.689312350256, 0, 0, 16336.932042228676, 14561.5362093491, 12826.048846110556, 15562.431499949302, 0], "successes": [true, true, true, "X", "X", false, false, false, true, "X"], "a2f_percentages": [0.8333333333333334, 0.9647058823529412, 0.840625, 0, 0, 0.96, 0.8357142857142857, 0.925, 0.8575757575757575, 0], "planning_times": [11.205294817002141, 6.63766574300098, 7.233616315999825, -1, -1, 12.33673418500257, 18.01941865300614, 3.8482373530059704, 14.190687982001691, -1], "ip_generation_times": [[0.0013649749962496571, 0.0007417730012093671, 0.04140870799892582, 0.0009042139936354943, 0.042250742997566704, 0.001455837998946663], [0.0007161919929785654, 0.0009255909972125664, 0.048967686998366844, 0.0009145209987764247, 0.04256231799809029, 0.0011655019989120774], [0.0005831759990542196, 0.0007577489959658124, 0.052213410002877936, 0.0010891759957303293, 0.04816412599757314, 0.0011588699999265373], [-1], [-1], [0.001066825003363192, 0.0011367460028850473, 0.07227827399765374, 0.0020523580024018884, 0.04628864699770929, 0.0010301120055373758], [0.0006064800036256202, 0.0007328630017582327, 0.05345097499957774, 0.001884902005258482, 0.044416101001843344, 0.0009556220029480755], [0.0005908420062041841, 0.0006901800006744452, 0.053616370001691394, 0.0018115070051862858, 0.04542856400075834, 0.0009948719962267205], [0.0005905380021431483, 0.0006631829965044744, 0.05883987699780846, 0.0012731719980365597, 0.04507643899705727, 0.0015282639942597598], [-1]]}