{"path_lengths": [11828.998821883351], "a2s_distances": [22443.659026932783], "successes": [true], "a2f_percentages": [], "planning_times": [18.568112895998638], "ip_generation_times": [0.0012647290022869129, 0.0008484610007144511, 0.04417344999819761, 0.0009425040007045027, 0.038663726998493075, 0.0007792260003043339]}